<?xml version="1.0" encoding="UTF-8"?>
<config xmlns="http://www.knime.org/2008/09/XMLConfig" xmlns:xsi="http://www.w3.org/2001/XMLSchema-instance" xsi:schemaLocation="http://www.knime.org/2008/09/XMLConfig http://www.knime.org/XMLConfig_2008_09.xsd" key="model.xml">
    <entry key="version" type="xint" value="1"/>
    <entry key="class_name" type="xstring" value="org.knime.xgboost.core.model.XGBModelPortObjectSpec"/>
    <config key="model">
        <config key="dataSpec">
            <config key="featureSpec">
                <entry key="spec_name" type="xstring" value="default"/>
                <entry key="number_columns" type="xint" value="8"/>
                <config key="column_spec_0">
                    <entry key="column_name" type="xstring" value="Quantity"/>
                    <config key="element_names">
                        <entry key="array-size" type="xint" value="0"/>
                    </config>
                    <config key="column_type">
                        <entry key="cell_class" type="xstring" value="org.knime.core.data.def.IntCell"/>
                    </config>
                    <config key="column_domain">
                        <config key="lower_bound">
                            <entry key="datacell" type="xstring" value="org.knime.core.data.def.IntCell"/>
                            <config key="org.knime.core.data.def.IntCell">
                                <entry key="IntCell" type="xint" value="1"/>
                            </config>
                        </config>
                        <config key="upper_bound">
                            <entry key="datacell" type="xstring" value="org.knime.core.data.def.IntCell"/>
                            <config key="org.knime.core.data.def.IntCell">
                                <entry key="IntCell" type="xint" value="3"/>
                            </config>
                        </config>
                    </config>
                    <config key="column_properties"/>
                    <config key="meta_data"/>
                </config>
                <config key="column_spec_1">
                    <entry key="column_name" type="xstring" value="DiscountAmount"/>
                    <config key="element_names">
                        <entry key="array-size" type="xint" value="0"/>
                    </config>
                    <config key="column_type">
                        <entry key="cell_class" type="xstring" value="org.knime.core.data.def.DoubleCell"/>
                    </config>
                    <config key="column_domain">
                        <config key="lower_bound">
                            <entry key="datacell" type="xstring" value="org.knime.core.data.def.DoubleCell"/>
                            <config key="org.knime.core.data.def.DoubleCell">
                                <entry key="DoubleCell" type="xdouble" value="0.0"/>
                            </config>
                        </config>
                        <config key="upper_bound">
                            <entry key="datacell" type="xstring" value="org.knime.core.data.def.DoubleCell"/>
                            <config key="org.knime.core.data.def.DoubleCell">
                                <entry key="DoubleCell" type="xdouble" value="434.65"/>
                            </config>
                        </config>
                    </config>
                    <config key="column_properties"/>
                    <config key="meta_data"/>
                </config>
                <config key="column_spec_2">
                    <entry key="column_name" type="xstring" value="Channels"/>
                    <config key="element_names">
                        <entry key="array-size" type="xint" value="0"/>
                    </config>
                    <config key="column_type">
                        <entry key="cell_class" type="xstring" value="org.knime.core.data.def.IntCell"/>
                    </config>
                    <config key="column_domain">
                        <config key="lower_bound">
                            <entry key="datacell" type="xstring" value="org.knime.core.data.def.IntCell"/>
                            <config key="org.knime.core.data.def.IntCell">
                                <entry key="IntCell" type="xint" value="3"/>
                            </config>
                        </config>
                        <config key="upper_bound">
                            <entry key="datacell" type="xstring" value="org.knime.core.data.def.IntCell"/>
                            <config key="org.knime.core.data.def.IntCell">
                                <entry key="IntCell" type="xint" value="6"/>
                            </config>
                        </config>
                    </config>
                    <config key="column_properties"/>
                    <config key="meta_data"/>
                </config>
                <config key="column_spec_3">
                    <entry key="column_name" type="xstring" value="RetailPrice"/>
                    <config key="element_names">
                        <entry key="array-size" type="xint" value="0"/>
                    </config>
                    <config key="column_type">
                        <entry key="cell_class" type="xstring" value="org.knime.core.data.def.DoubleCell"/>
                    </config>
                    <config key="column_domain">
                        <config key="lower_bound">
                            <entry key="datacell" type="xstring" value="org.knime.core.data.def.DoubleCell"/>
                            <config key="org.knime.core.data.def.DoubleCell">
                                <entry key="DoubleCell" type="xdouble" value="63.55"/>
                            </config>
                        </config>
                        <config key="upper_bound">
                            <entry key="datacell" type="xstring" value="org.knime.core.data.def.DoubleCell"/>
                            <config key="org.knime.core.data.def.DoubleCell">
                                <entry key="DoubleCell" type="xdouble" value="579.55"/>
                            </config>
                        </config>
                    </config>
                    <config key="column_properties"/>
                    <config key="meta_data"/>
                </config>
                <config key="column_spec_4">
                    <entry key="column_name" type="xstring" value="UsedPromoCode"/>
                    <config key="element_names">
                        <entry key="array-size" type="xint" value="0"/>
                    </config>
                    <config key="column_type">
                        <entry key="cell_class" type="xstring" value="org.knime.core.data.def.IntCell"/>
                    </config>
                    <config key="column_domain">
                        <config key="lower_bound">
                            <entry key="datacell" type="xstring" value="org.knime.core.data.def.IntCell"/>
                            <config key="org.knime.core.data.def.IntCell">
                                <entry key="IntCell" type="xint" value="0"/>
                            </config>
                        </config>
                        <config key="upper_bound">
                            <entry key="datacell" type="xstring" value="org.knime.core.data.def.IntCell"/>
                            <config key="org.knime.core.data.def.IntCell">
                                <entry key="IntCell" type="xint" value="1"/>
                            </config>
                        </config>
                    </config>
                    <config key="column_properties"/>
                    <config key="meta_data"/>
                </config>
                <config key="column_spec_5">
                    <entry key="column_name" type="xstring" value="Year"/>
                    <config key="element_names">
                        <entry key="array-size" type="xint" value="0"/>
                    </config>
                    <config key="column_type">
                        <entry key="cell_class" type="xstring" value="org.knime.core.data.def.IntCell"/>
                    </config>
                    <config key="column_domain">
                        <config key="lower_bound">
                            <entry key="datacell" type="xstring" value="org.knime.core.data.def.IntCell"/>
                            <config key="org.knime.core.data.def.IntCell">
                                <entry key="IntCell" type="xint" value="2017"/>
                            </config>
                        </config>
                        <config key="upper_bound">
                            <entry key="datacell" type="xstring" value="org.knime.core.data.def.IntCell"/>
                            <config key="org.knime.core.data.def.IntCell">
                                <entry key="IntCell" type="xint" value="2019"/>
                            </config>
                        </config>
                    </config>
                    <config key="column_properties"/>
                    <config key="meta_data"/>
                </config>
                <config key="column_spec_6">
                    <entry key="column_name" type="xstring" value="SumOrder"/>
                    <config key="element_names">
                        <entry key="array-size" type="xint" value="0"/>
                    </config>
                    <config key="column_type">
                        <entry key="cell_class" type="xstring" value="org.knime.core.data.def.DoubleCell"/>
                    </config>
                    <config key="column_domain">
                        <config key="lower_bound">
                            <entry key="datacell" type="xstring" value="org.knime.core.data.def.DoubleCell"/>
                            <config key="org.knime.core.data.def.DoubleCell">
                                <entry key="DoubleCell" type="xdouble" value="63.55"/>
                            </config>
                        </config>
                        <config key="upper_bound">
                            <entry key="datacell" type="xstring" value="org.knime.core.data.def.DoubleCell"/>
                            <config key="org.knime.core.data.def.DoubleCell">
                                <entry key="DoubleCell" type="xdouble" value="1738.6499999999999"/>
                            </config>
                        </config>
                    </config>
                    <config key="column_properties"/>
                    <config key="meta_data"/>
                </config>
                <config key="column_spec_7">
                    <entry key="column_name" type="xstring" value="Marginality"/>
                    <config key="element_names">
                        <entry key="array-size" type="xint" value="0"/>
                    </config>
                    <config key="column_type">
                        <entry key="cell_class" type="xstring" value="org.knime.core.data.def.DoubleCell"/>
                    </config>
                    <config key="column_domain">
                        <config key="lower_bound">
                            <entry key="datacell" type="xstring" value="org.knime.core.data.def.DoubleCell"/>
                            <config key="org.knime.core.data.def.DoubleCell">
                                <entry key="DoubleCell" type="xdouble" value="-58.32973859028557"/>
                            </config>
                        </config>
                        <config key="upper_bound">
                            <entry key="datacell" type="xstring" value="org.knime.core.data.def.DoubleCell"/>
                            <config key="org.knime.core.data.def.DoubleCell">
                                <entry key="DoubleCell" type="xdouble" value="21.400472069236816"/>
                            </config>
                        </config>
                    </config>
                    <config key="column_properties"/>
                    <config key="meta_data"/>
                </config>
            </config>
            <config key="featureConverters">
                <entry key="featureConvertersCount" type="xint" value="8"/>
                <config key="0">
                    <entry key="converterSpecType" type="xstring" value="numerical"/>
                </config>
                <config key="1">
                    <entry key="converterSpecType" type="xstring" value="numerical"/>
                </config>
                <config key="2">
                    <entry key="converterSpecType" type="xstring" value="numerical"/>
                </config>
                <config key="3">
                    <entry key="converterSpecType" type="xstring" value="numerical"/>
                </config>
                <config key="4">
                    <entry key="converterSpecType" type="xstring" value="numerical"/>
                </config>
                <config key="5">
                    <entry key="converterSpecType" type="xstring" value="numerical"/>
                </config>
                <config key="6">
                    <entry key="converterSpecType" type="xstring" value="numerical"/>
                </config>
                <config key="7">
                    <entry key="converterSpecType" type="xstring" value="numerical"/>
                </config>
            </config>
            <config key="targetSpec">
                <entry key="column_name" type="xstring" value="Profit"/>
                <config key="element_names">
                    <entry key="array-size" type="xint" value="0"/>
                </config>
                <config key="column_type">
                    <entry key="cell_class" type="xstring" value="org.knime.core.data.def.DoubleCell"/>
                </config>
                <config key="column_domain">
                    <config key="lower_bound">
                        <entry key="datacell" type="xstring" value="org.knime.core.data.def.DoubleCell"/>
                        <config key="org.knime.core.data.def.DoubleCell">
                            <entry key="DoubleCell" type="xdouble" value="-173.9"/>
                        </config>
                    </config>
                    <config key="upper_bound">
                        <entry key="datacell" type="xstring" value="org.knime.core.data.def.DoubleCell"/>
                        <config key="org.knime.core.data.def.DoubleCell">
                            <entry key="DoubleCell" type="xdouble" value="361.7999999999999"/>
                        </config>
                    </config>
                </config>
                <config key="column_properties"/>
                <config key="meta_data"/>
            </config>
            <config key="targetConverter">
                <entry key="converterSpecType" type="xstring" value="numerical"/>
            </config>
            <config key="rowWeightSpec">
                <entry key="column_name" type="xstring" value="UnitPrice"/>
                <config key="element_names">
                    <entry key="array-size" type="xint" value="0"/>
                </config>
                <config key="column_type">
                    <entry key="cell_class" type="xstring" value="org.knime.core.data.def.DoubleCell"/>
                </config>
                <config key="column_domain">
                    <config key="lower_bound">
                        <entry key="datacell" type="xstring" value="org.knime.core.data.def.DoubleCell"/>
                        <config key="org.knime.core.data.def.DoubleCell">
                            <entry key="DoubleCell" type="xdouble" value="49.95"/>
                        </config>
                    </config>
                    <config key="upper_bound">
                        <entry key="datacell" type="xstring" value="org.knime.core.data.def.DoubleCell"/>
                        <config key="org.knime.core.data.def.DoubleCell">
                            <entry key="DoubleCell" type="xdouble" value="579.55"/>
                        </config>
                    </config>
                </config>
                <config key="column_properties"/>
                <config key="meta_data"/>
            </config>
            <config key="rowWeightConverter">
                <entry key="converterSpecType" type="xstring" value="numerical"/>
            </config>
        </config>
        <config key="objective">
            <entry key="identifier" type="xstring" value="reg:squarederror"/>
        </config>
        <config key="params">
            <entry key="lambda" type="xdouble" value="0.0"/>
            <entry key="silent" type="xint" value="1"/>
            <entry key="base_score" type="xdouble" value="0.5"/>
            <entry key="seed" type="xlong" value="1859161908"/>
            <entry key="nthread" type="xint" value="2"/>
            <entry key="alpha" type="xdouble" value="0.0"/>
            <entry key="feature_selector" type="xstring" value="cyclic"/>
            <entry key="booster" type="xstring" value="gblinear"/>
            <entry key="updater" type="xstring" value="shotgun"/>
            <entry key="objective" type="xstring" value="reg:squarederror"/>
        </config>
    </config>
</config>
