<?xml version="1.0" encoding="UTF-8"?>
<config xmlns="http://www.knime.org/2008/09/XMLConfig" xmlns:xsi="http://www.w3.org/2001/XMLSchema-instance" xsi:schemaLocation="http://www.knime.org/2008/09/XMLConfig http://www.knime.org/XMLConfig_2008_09.xsd" key="MiningSchema">
    <config key="learning">
        <entry key="array-size" type="xint" value="17"/>
        <entry key="0" type="xstring" value="Quantity"/>
        <entry key="1" type="xstring" value="UnitPrice"/>
        <entry key="2" type="xstring" value="DiscountAmount"/>
        <entry key="3" type="xstring" value="PromotionCode"/>
        <entry key="4" type="xstring" value="ProductName"/>
        <entry key="5" type="xstring" value="ProductCategory"/>
        <entry key="6" type="xstring" value="ItemGroup"/>
        <entry key="7" type="xstring" value="KitType"/>
        <entry key="8" type="xstring" value="Channels"/>
        <entry key="9" type="xstring" value="Demographic"/>
        <entry key="10" type="xstring" value="RetailPrice"/>
        <entry key="11" type="xstring" value="StateName"/>
        <entry key="12" type="xstring" value="RegionName"/>
        <entry key="13" type="xstring" value="UsedPromoCode"/>
        <entry key="14" type="xstring" value="Year"/>
        <entry key="15" type="xstring" value="SumOrder"/>
        <entry key="16" type="xstring" value="Marginality"/>
    </config>
    <config key="target">
        <entry key="array-size" type="xint" value="1"/>
        <entry key="0" type="xstring" value="Profit"/>
    </config>
</config>
